,full_name,first_name,BUID,email,school,department,round1,group1,round2,group2
0,Ava Greene,Ava ,106166,avgreen@bu.edu,Graduate School of Arts and Sciences,Political Science,No,,Yes,1
49,Mohammed Mehdi ,Mehdi ,88865438,mker@bu.edu,College of Engineering,Mechanical Engineering ,No,,Yes,1
178,Peter Dickson,Peter ,60050504,pdickson@bu.edu,School of Law,Law,No,,Yes,1
233,Molly N. Hoffman,Molly,37171713,mnhoffma@bu.edu,Other,Other,No,,Yes,1
20,Ugur Y. Yavuz,Ugur,87170052,uyyavuz@bu.edu,Graduate School of Arts and Sciences,Computer Science,Yes,33,Yes,2
187,Francesca Camacho,Frankie,57193951,fcamach@bu.edu,School of Law,Law,No,,Yes,2
244,Noah Grunberg,Noah,13947709,noahg@bu.edu,Other,Other,No,,Yes,2
91,Courtney Otto,Courtney ,65693669,cotto@bu.edu,School of Law,Law,Yes,16,Yes,3
119,Talia Liu,Talia,88889450,talialiu@bu.edu,Sargent College of Health and Rehabilitation Sciences,Sargent College of Health and Rehabilitation Sciences,Yes,34,Yes,3
228,Sooyeon Song,Sooyeon,U90511338,songsy@bu.edu,Other,Other,No,,Yes,3
44,Akindele Kitwana,Akinde,68730781,akitwana@bu.edu,School of Law,Law,Yes,19,Yes,4
175,Robert Alexander,Robert,42144744,rma3@bu.edu,Graduate School of Arts and Sciences,Philosophy,No,,Yes,4
234,Jih-Cheng Yeh,Jack,19478641,yehjih@bu.edu,Other,Other,No,,Yes,4
110,Eric Wendel,Eric,75081973,edbw@bu.edu,College of Engineering,Systems Engineering,Yes,10,Yes,5
217,William Saunders,Will,90747427,wsaund@bu.edu,Graduate School of Arts and Sciences,Astronomy,Yes,33,Yes,5
249,Indrani Alagar,Indra,92556300,ialagar@bu.edu,Other,Other,No,,Yes,5
80,Hia Ming,Ming,27322860,hiaming@bu.edu,College of Engineering,Biomedical Engineering,Yes,37,Yes,6
113,Hongxi Wang,Hong,10769179,hongxi@bu.edu,Graduate School of Arts and Sciences,Economics,Yes,40,Yes,6
247,Caroline Ahn,Caroline,55173487,ahncj@bu.edu,Other,Other,No,,Yes,6
141,Ayush Gupta,Ayush,7856293,guptaayu@bu.edu,Graduate School of Arts and Sciences,Economics,Yes,41,Yes,7
210,Ankita Shirahatti,Ankita,55006554,ashiraha@bu.edu,Questrom School of Business,Business,Yes,20,Yes,7
232,Beverly Ge,Beverly,42782728,bge1@bu.edu,Other,Other,No,,Yes,7
114,Leslie Leung,Leslie,90332175,lhleung@bu.edu,College of Engineering,Mechanical Engineering,Yes,16,Yes,8
248,Genevieve Dupuis,Genevieve ,8390514,gdupuis@bu.edu,Other,Other,No,,Yes,8
250,Vasudha Ramakrishna,Vasudha,,vasudhar@bu.edu,Graduate School of Arts and Sciences,Psychology,No,,Yes,8
73,Attash A. Sawja,Attash,33078946,sawja@bu.edu,Graduate School of Arts and Sciences,Religion,No,,Yes,9
109,Caoyifu Zhou,CZ,13663632,cyfzhou@bu.edu,Graduate School of Arts and Sciences,Sociology,Yes,8,Yes,9
224,Luisa Fernanda Zamudio Ruvalcaba,Luisa,87995138,luisaz@bu.edu,Graduate School of Arts and Sciences,Astronomy,No,,Yes,9
155,Yidi Wu,Yidi,56374762,yidiwu88@bu.edu,Graduate School of Arts and Sciences,Religion,No,,Yes,10
188,Michael St. Germain,Michael,60749518,mikestg@bu.edu,School of Law,Law,Yes,6,Yes,10
190,Jeffrey Alido,Jeffrey,98345155,jalido@bu.edu,College of Engineering,Electrical Engineering,Yes,39,Yes,10
24,Steven Russell,Steve,86005452,sirusso@bu.edu,School of Law,Law,Yes,28,Yes,11
86,Josefina Senese,Josefina,91586290,jsenese@bu.edu,Wheelock College of Education & Human Development,Wheelock College of Education & Human Development,No,,Yes,11
156,Satchit Sivakumar,Satchit,U55990499,satchit@bu.edu,Graduate School of Arts and Sciences,Computer Science,Yes,29,Yes,11
90,Lauren Rains,Lauren,95749736,lrains@bu.edu,Graduate School of Arts and Sciences,History,No,,Yes,12
128,Ian Kieffer,Ian,11940285,ikieffer@bu.edu,Graduate School of Arts and Sciences,Earth and Environment,Yes,25,Yes,12
186,Jae Hyung Sim,John,44883229,simjhsim@bu.edu,Graduate School of Arts and Sciences,Mathematics,No,,Yes,12
10,Anne shapiro ,Annie ,13446921,anshap@bu.edu,Graduate School of Arts and Sciences,Biostatistics,No,,Yes,13
157,Ayantika Saha,Ayantika,54526080,ayantis@bu.edu,Graduate School of Arts and Sciences,Physics,No,,Yes,13
213,Melissa Joseph,Melissa ,14202533,mjoseph2@bu.edu,Graduate School of Arts and Sciences,Astronomy,Yes,22,Yes,13
30,Rohan Arcot,Rohan,2798110,rarcot@bu.edu,Wheelock College of Education & Human Development,Wheelock College of Education & Human Development,Yes,15,Yes,14
111,,Alicia,86685449,zhanga@bu.edu,Graduate School of Arts and Sciences,Earth and Environment,Yes,35,Yes,14
203,Amber Normann,Amber,297553354,anormann@bu.edu,Sargent College of Health and Rehabilitation Sciences,Sargent College of Health and Rehabilitation Sciences,No,,Yes,14
36,Shannon Gonick,Shannon,43843620,gonicksa@bu.edu,School of Law,Law,Yes,20,Yes,15
45,Hellen Huang,Hellen,34642911,hellenh@bu.edu,Graduate School of Arts and Sciences,"Molecular Biology, Cell Biology & Biochemistry",No,,Yes,15
153,Maan Qraitem,Maan,623024845,mqraitem@bu.edu,Graduate School of Arts and Sciences,Computer Science,Yes,32,Yes,15
83,Tianchen Tang,Tianchen,56775992,tangtcm@bu.edu,Graduate School of Arts and Sciences,Mathematics,Yes,18,Yes,16
94,Eric Wellers,Eric,90962798,ewelle01@bu.edu,School of Law,Law,Yes,3,Yes,16
150,Shannon Kelley,Shannon,82567886,smkelley@bu.edu,College of Engineering,Biomedical Engineering,Yes,29,Yes,16
104,Charlotte Malmborg,Charlotte,68590291,malmborg@bu.edu,Graduate School of Arts and Sciences,Earth and Environment,Yes,3,Yes,17
200,Conrad J. Meyer-Reed,Conrad,76804636,conradmr@bu.edu,Graduate School of Arts and Sciences,Astronomy,Yes,38,Yes,17
202,Imani McCray,Imani,25314384,imccray@bu.edu,School of Law,Law,Yes,11,Yes,17
48,Jasmine Pan,Jasmine,72399631,jasminep@bu.edu,Graduate School of Arts and Sciences,Psychology,Yes,13,Yes,18
134,Justin Giglia,Justin,43275982,jgiglia@bu.edu,School of Law,Law,Yes,7,Yes,18
207,KMarie Tejeda,Kay Marie,32581362,kmtejeda@bu.edu,Graduate School of Arts and Sciences,Religion,Yes,35,Yes,18
25,Joelle Jura,Joelle,50727540,joellerj@bu.edu,School of Law,Law,Yes,18,Yes,19
158,Mattia Nicolella,Mattia,86009043,mnico@bu.edu,Graduate School of Arts and Sciences,Computer Science,Yes,30,Yes,19
168,Mira A. Kelly-Fair,Mira,93542629,mirakf@bu.edu,Graduate School of Arts and Sciences,Earth and Environment,Yes,2,Yes,19
38,sbandya,Shruthi ,88433987,sbandya@bu.edu,Graduate School of Arts and Sciences,Bioinformatics,Yes,7,Yes,20
65,Etty Singer,Etty,1749090,esinger4@bu.edu,School of Law,Law,Yes,27,Yes,20
159,Smridhi Smridhi ,Smridhi ,88955889,smridhi@bu.edu,Graduate School of Arts and Sciences,Physics,Yes,3,Yes,20
16,Mohammed Muzamil Khan,Muzamil,55195519,mmkhan@bu.edu,College of Engineering,Bioinformatics,Yes,16,Yes,21
71,Patrick Lutz,Patrick,10743582,plutz@bu.edu,Graduate School of Arts and Sciences,Computer Science,Yes,25,Yes,21
96,Michael Susoeff,Mike,75237862,msusoeff@bu.edu,Graduate School of Arts and Sciences,"Molecular Biology, Cell Biology & Biochemistry",Yes,34,Yes,21
6,Elmurat Ashiraliev,Elmurat,49484254,aelmurat@bu.edu,Graduate School of Arts and Sciences,Religion,Yes,14,Yes,22
23,Mikayla Bradsby,Meadow ,56918524,mbradsby@bu.edu,Graduate School of Arts and Sciences,Physics,Yes,28,Yes,22
92,Xiaofei Qin,Xiaofei,40650203,qinxf@bu.edu,Graduate School of Arts and Sciences,Earth and Environment,Yes,19,Yes,22
31,Eleanor Oser,Eleanor,74961922,emose@bu.edu,Graduate School of Arts and Sciences,Philosophy,Yes,6,Yes,23
64,Jared Pincus,Jared,87524798,pincus@bu.edu,Graduate School of Arts and Sciences,Computer Science,Yes,26,Yes,23
108,,Reza,70997378,sajjadi@bu.edu,College of Engineering,Computer engineering,Yes,2,Yes,23
40,Aashraya Jha,Aash,7094460,aashjha@bu.edu,Graduate School of Arts and Sciences,Mathematics,Yes,13,Yes,24
139,Halim,Halim,37555401,halopolo@bu.edu,College of Engineering,Mechanical Engineering,Yes,11,Yes,24
208,Danielle Dionne,Danielle,6886967,ddionne@bu.edu,Graduate School of Arts and Sciences,Linguistics,Yes,22,Yes,24
7,John Cerritelli,John,43542318,cerritej@bu.edu,Graduate School of Arts and Sciences,Chemistry,Yes,5,Yes,25
69,Julia Gallini,Julia,44018094,jgallini@bu.edu,Graduate School of Arts and Sciences,Biostatistics,Yes,1,Yes,25
121,Ariel Blakey ,Ariel,75475561,ablakey@bu.edu,Graduate School of Arts and Sciences,Psychology,Yes,42,Yes,25
105,Jasmine Khamis,Jasmine,91586290,jmkhamis@bu.edu,Wheelock College of Education & Human Development,Wheelock College of Education & Human Development,Yes,24,Yes,26
163,Megan Nizza,Megan,78484982,mnizza@bu.edu,School of Social Work,Social Work,Yes,14,Yes,26
166,Morgan Snoap,Morgan,52157235,msnoap@bu.edu,Graduate School of Arts and Sciences,History of Art & Architecture,Yes,1,Yes,26
1,Kaitlyn Alimenti ,Kate ,17697271,alimenti@bu.edu,Other,Other,No,,No,
2,Yicheng Chen,Yic,53547178,cyccool@bu.edu,Graduate School of Arts and Sciences,Economics,No,,No,
3,Hsin Huei Chen,Hsin Huei,20145990,hhchen@bu.edu,College of Engineering,Mechanical Engineering,No,,No,
4,Fatih Acun,Fatih ,90491656,acun@bu.edu,College of Engineering,Computer engineering,No,,No,
5,Jason Rutberg,Jason,82729228,jrutberg@bu.edu,Graduate School of Arts and Sciences,Biostatistics,Yes,19,No,
8,Lina Hardin,Lina,45023871,lhardin@bu.edu,School of Law,Law,No,,No,
9,Ali Raza,Ali,20910632,araza@bu.edu,Graduate School of Arts and Sciences,Computer Science,Yes,27,No,
11,Stephen Caron,Steve,39284310,caronst@bu.edu,Graduate School of Arts and Sciences,Biology,Yes,21,No,
12,Kai-Hsin Wu,Kai,29481079,khwu@bu.edu,Graduate School of Arts and Sciences,Physics,No,,No,
13,Jing Zhang,Jing,161656547,jzhang12@bu.edu,College of Engineering,Biomedical Engineering,No,,No,
14,,Eddie,58847747,ecruiz@bu.edu,Other,Other,No,,No,
15,Huyongqing Chen,Sunny,25940974,chyq@bu.edu,Graduate School of Arts and Sciences,Physics,No,,No,
17,Dhimiter Cobani,Dhimiter ,75300122,dcobani@bu.edu,College of Engineering,Biomedical Engineering,Yes,38,No,
18,Marissa Russell,Marissa ,32099999,mruss@bu.edu,Sargent College of Health and Rehabilitation Sciences,Sargent College of Health and Rehabilitation Sciences,No,,No,
19,Joseph K. Wenzel,Joe,96854422,jwenzel@bu.edu,School of Law,Law,Yes,10,No,
21,Aykut turkoglu ,Aykut ,94373068,aykutt@bu.edu,Questrom School of Business,Business,No,,No,
22,Imara Joroff,Imara,21820854,imaraj@bu.edu,School of Law,Law,No,,No,
26,Savannah Schisler,Savannah,7064544,sschisle@bu.edu,College of Engineering,Mechanical Engineering,No,,No,
27,Paris Gappmayr,Paris,94253746,parisgap@bu.edu,Sargent College of Health and Rehabilitation Sciences,Sargent College of Health and Rehabilitation Sciences,No,,No,
28,Qianhan Liu,Lanlan,32334825,liuq19@bu.edu,Graduate School of Arts and Sciences,Mathematics,Yes,9,No,
29,U08519034,Souhaila,55192071,souhaila@bu.edu,Wheelock College of Education & Human Development,Wheelock College of Education & Human Development,Yes,4,No,
32,Samira Roshni Adhar,Samira,29402463,sadhar@bu.edu,Graduate School of Arts and Sciences,Economics,No,,No,
33,Samantha Reilly,Sam,97520700,reillysa@bu.edu,School of Theology,Theology,No,,No,
34,Irzam Sarfraz,Irzam,78507427,isarfraz@bu.edu,Faculty of Computing & Data Sciences,Faculty of Computing & Data Sciences,Yes,43,No,
35,Siddharth Anandalingam,Siddhu,76831870,siddhua@bu.edu,School of Law,Law,No,,No,
37,Hao Yu,Hao,59527084,imhaoyu@bu.edu,College of Engineering,Electrical Engineering,No,,No,
39,Yuanzhi Li,Ted,91100667,tigerlee@bu.edu,College of Engineering,Mechanical Engineering,No,,No,
41,Nicolas Schneider,Nicolas,38607286,nschnei@bu.edu,Graduate School of Arts and Sciences,Earth and Environment,No,,No,
42,Hannah M. Llende,Hannah,45947740,hllende@bu.edu,School of Law,Law,No,,No,
43,Nuo Li,Noah,320866322,nuoli@bu.edu,College of Engineering,Mechanical engineering ,No,,No,
46,Jingmei Yang,Jingmei,69078442,jmyang@bu.edu,College of Engineering,Systems Engineering,No,,No,
47,Zelin Ma,Zelin,49470420,zelinma@bu.edu,College of Engineering,Electrical Engineering,No,,No,
50,Yue Qin,Yue,92937677,yueqin@bu.edu,Graduate School of Arts and Sciences,Earth and Environment,Yes,32,No,
51,Weerathunga Arachchige Hasini Rathsara Weerathunge,Hasini,48686279,hasiniw@bu.edu,College of Engineering,Biomedical Engineering,No,,No,
52,Nicholas,Nick,13677484,npape@bu.edu,Graduate School of Arts and Sciences,Earth and Environment,No,,No,
53,Brit Claiborne-Naranjo,Brit,91586290,bcn@bu.edu,Wheelock College of Education & Human Development,Wheelock College of Education & Human Development,Yes,18,No,
54,Jackie S. Kim,Jackie,62332888,jskim1@bu.edu,Sargent College of Health and Rehabilitation Sciences,Sargent College of Health and Rehabilitation Sciences,Yes,9,No,
55,Dorsa Mohammadi,Dorsa,67568431,dorsa@bu.edu,Graduate School of Arts and Sciences,Earth and Environment,Yes,30,No,
56,Xinru Liu,Xinru,5019113,xinruliu@bu.edu,Graduate School of Arts and Sciences,Mathematics,Yes,42,No,
57,,Bhushan,123456789,bsuwal@bu.edu,Faculty of Computing & Data Sciences,Faculty of Computing & Data Sciences,Yes,40,No,
58,Christina Galiano,Christina ,75973991,cgaliano@bu.edu,Graduate School of Arts and Sciences,Psychology,Yes,27,No,
59,Jessica Rahmoune,Jessica,2855352,rahmoune@bu.edu,School of Law,Law,No,,No,
60,Deyanira Enriquez,Deyja,2798110,deyja@bu.edu,Wheelock College of Education & Human Development,Wheelock College of Education & Human Development,Yes,33,No,
61,Yuhe Chang,Yuhe,36847651,yhchang@bu.edu,Graduate School of Arts and Sciences,Earth and Environment,Yes,21,No,
62,Helen Scott,Helen,99905440,hscott@bu.edu,College of Engineering,Bioinforamtics,No,,No,
63,Lauren Brown,Lauren,80146588,lwbrown@bu.edu,Graduate School of Arts and Sciences,Classical Studies,No,,No,
66,Guilherme Delfino Silva,Guilherme,47684416,delfino@bu.edu,Graduate School of Arts and Sciences,Physics,No,,No,
67,Victor Lobo,Victor,85326097,vrolobo@bu.edu,School of Law,Law,No,,No,
68,Seoyun Hong,Stella,67158959,seoyun@bu.edu,Graduate School of Arts and Sciences,Economics,Yes,23,No,
70,Savannah Luschei,Savannah,47862184,sluschei@bu.edu,School of Law,Law,No,,No,
72,Erin Wolter,Erin,47409556,wolter@bu.edu,School of Law,Law,Yes,2,No,
74,Shaun Ghosh,Shaun,50745838,shaungh@bu.edu,College of Engineering,Computer engineering,Yes,32,No,
75,Noelle Pierce,Noelle,71062518,npierce1@bu.edu,College of Engineering,Materials Science & Engineering,No,,No,
76,Adrish Dey,Adrish ,93231930,adrishd@bu.edu,Graduate School of Arts and Sciences,Computer Science,No,,No,
77,Stephanie Pan,Stephanie,57159977,spangurg@bu.edu,Graduate School of Arts and Sciences,Biostatistics,No,,No,
78,Samuel Imperato,Sam,69027150,samimp@bu.edu,Graduate School of Arts and Sciences,Astronomy,Yes,5,No,
79,Laura Alicia Aquino Arriaga,Laura,97945745,aquino@bu.edu,Graduate School of Arts and Sciences,Economics,Yes,26,No,
81,Xunkang Tian,Xunkang,5170557,xktian@bu.edu,Graduate School of Arts and Sciences,Economics,No,,No,
82,Shivam Kumar,Shivam,28361352,kshivam@bu.edu,Graduate School of Arts and Sciences,Chemistry,No,,No,
84,John W. Hassett,John,62709231,jhassett@bu.edu,Graduate School of Arts and Sciences,Economics,No,,No,
85,Emily lamunu,Emily,1/3/15 0:00,elamunu@bu.edu,School of Social Work,Social Work,Yes,37,No,
87,Harrison Liddle ,Harrison,74258518,hliddle@bu.edu,School of Law,Law,Yes,4,No,
88,Danarenae Donato,Danarenae,56291070,dadonato@bu.edu,Graduate School of Arts and Sciences,History of Art & Architecture,No,,No,
89,Byungchan Kim,Kenny,83256673,kennykim@bu.edu,College of Engineering,Biomedical Engineering,No,,No,
93,Corinne Andriola,Cori,67046683,andriola@bu.edu,Graduate School of Arts and Sciences,Economics,Yes,15,No,
95,Kit Man,Kit,11920124,kitman@bu.edu,Graduate School of Arts and Sciences,Sociology,Yes,17,No,
97,Dilara ‚Äö√†√∂‚àö¬∞aygara,Dilara,57631594,dilarac@bu.edu,College of Engineering,Electrical Engineering,No,,No,
98,Leticia Lee,Leticia,67421497,leticial@bu.edu,Graduate School of Arts and Sciences,Earth and Environment,Yes,36,No,
99,Nirali Shah,Nirali,34943665,nirali05@bu.edu,Sargent College of Health and Rehabilitation Sciences,Sargent College of Health and Rehabilitation Sciences,No,,No,
100,Shahabeddin Sotudian,Shahab,76193905,sotudian@bu.edu,College of Engineering,Systems Engineering,No,,No,
101,Haylee Backs,Haylee,98180004,hbacks@bu.edu,Graduate School of Arts and Sciences,Anthropology,Yes,43,No,
102,Maria A Camargo Cely,Alejandra,6301019,acamargo@bu.edu,Graduate School of Arts and Sciences,"Ecology, Behavior, and Evolution",No,,No,
103,Islam Faisal Abdelrasoul,Islam,70315897,islam@bu.edu,Graduate School of Arts and Sciences,Computer Science,Yes,17,No,
106,Eliane Desjardins,Eliane,46864967,edesjar@bu.edu,Questrom School of Business,Business,Yes,24,No,
107,Yue Wu,Yue,5599921,yw2633@bu.edu,Questrom School of Business,Business,Yes,41,No,
112,Efe Sencan,Efe,82217163,esencan@bu.edu,College of Engineering,Computer engineering,No,,No,
115,Dongpeng Huang,Dongpeng,21893656,dphuang@bu.edu,College of Communication,PhD in Emerging Media Studies,No,,No,
116,Sadie L. Allen,Sadie,2945217,sadiela@bu.edu,College of Engineering,Computer engineering,Yes,37,No,
117,Kamran Vakil,Kamran,1358968,kamranv@bu.edu,College of Engineering,Mechanical Engineering,Yes,6,No,
118,Mingqi Sha,Mingqi,81275467,msha@bu.edu,Graduate School of Arts and Sciences,Biology,No,,No,
120,Neila gross,Neila ,3479511,ngross1@bu.edu,College of Engineering,Materials Science & Engineering,Yes,4,No,
122,Kevin E. Gauch,Kevin,36142987,kgauch@bu.edu,School of Law,Law,Yes,26,No,
123,Charles DeLorey,Charlie,26311098,deloreyc@bu.edu,College of Engineering,Mechanical engineering,Yes,1,No,
124,Julia Davis,Julia,88960928,juliamda@bu.edu,School of Law,Law,Yes,8,No,
125,Daniel Nartey,Daniel,1123904,dnartey@bu.edu,Graduate School of Arts and Sciences,Chemistry,Yes,29,No,
126,Mao Xiang,Mao,17138082,mxiang@bu.edu,School of Law,Law,Yes,22,No,
127,Caryne Alexis Nicholas,Caryne,54429772,carynean@bu.edu,Graduate School of Arts and Sciences,History,No,,No,
129,Beibit Zharylkassyn ,Beibit ,81245721,beibit@bu.edu,College of Engineering,Mechanical Engineering ,Yes,36,No,
130,"Mohamed Athif, Mohammadu Rizan",Athif,71934169,athif@bu.edu,College of Engineering,Biomedical Engineering,No,,No,
131,Yelitza Montesino,Yelitza,71168520,ymontesi@bu.edu,School of Law,Law,No,,No,
132,Hannah J. Lords,Hannah,71725396,hlords@bu.edu,Graduate School of Arts and Sciences,Bioinformatics,No,,No,
133,Melanie Morris ,Melanie ,41641725,mmmorris@bu.edu,School of Social Work,Social Work,No,,No,
135,,Rohin,48894665,rohinb96@bu.edu,College of Engineering,Biomedical Engineering,Yes,11,No,
136,Trevor W. Lamb,Trevor,30834796,tlamb@bu.edu,Graduate School of Arts and Sciences,Anthropology,No,,No,
137,Okrah Oppong,Okrah,9759505,ookrah@bu.edu,Graduate School of Arts and Sciences,Linguistics,No,,No,
138,Johanna G. Herman,Johanna,88616137,johannah@bu.edu,School of Law,Law,No,,No,
140,Jacob Cantor,Jacob,78047914,jcantor@bu.edu,School of Law,Law,Yes,24,No,
142,Fernando Nogueira Lopes,Fernando,10449426,flopes@bu.edu,Graduate School of Arts and Sciences,Philosophy,Yes,8,No,
143,Devan Greevy,Devan,45461974,degreevy@bu.edu,School of Law,Law,Yes,5,No,
144,Karen Yao,Karen,63852394,ky259@bu.edu,School of Law,Law,Yes,1,No,
145,Connor Wagaman,Connor,60227166,wagaman@bu.edu,Graduate School of Arts and Sciences,Computer Science,No,,No,
146,Emily Dougherty ,Emily,92608474,eadoughe@bu.edu,School of Law,Law,Yes,21,No,
147,Vishal Shah,Vishal,77711458,vishalms@bu.edu,Faculty of Computing & Data Sciences,Faculty of Computing & Data Sciences,Yes,42,No,
148,Karen Tian,Karen,13853217,ktian@bu.edu,Graduate School of Arts and Sciences,Cognitive & Neural Systems,No,,No,
149,Claire Taylor,Claire ,68134558,ctaylor2@bu.edu,School of Law,Law,No,,No,
151,Michael W. Brune,Mike Brune ,8463982,mbrune@bu.edu,School of Law,Law,No,,No,
152,So Young Bae ,So Young ,87274255,soyoungb@bu.edu,Graduate School of Arts and Sciences,"Molecular Biology, Cell Biology & Biochemistry",No,,No,
154,Kohaku Flynn,Kohaku,92180154,kfflynn@bu.edu,Graduate School of Arts and Sciences,English,Yes,38,No,
160,Mohit Tamta,Mohit,8519034,mohitt@bu.edu,School of Social Work,Social Work,Yes,28,No,
161,Ezra Cho,Ezra,10150256,ezracho@bu.edu,College of Engineering,Biomedical Engineering,No,,No,
162,Ikbal Zeynep Dursunoglu ,Ikbal,44327479,ikbal@bu.edu,Graduate School of Arts and Sciences,History of Art & Architecture,Yes,12,No,
164,Blair Stowe,Blair,9801011,btstowe@bu.edu,School of Theology,Theology,Yes,41,No,
165,Paloma Bagby,Paloma,12652644,pbagby@bu.edu,School of Law,Law,Yes,25,No,
167,Xiaoran Zhu,Seamore,71581116,seamorez@bu.edu,Graduate School of Arts and Sciences,Earth and Environment,No,,No,
169,Saadia Ali,Saadia,18185430,saadia@bu.edu,School of Law,Law,No,,No,
170,David G. Lee,David,86289151,dglee3@bu.edu,College of Engineering,Biomedical Engineering,Yes,23,No,
171,Nia Bartolucci,Nia,78329245,barto22n@bu.edu,Graduate School of Arts and Sciences,Earth and Environment,No,,No,
172,Sebastian Bergman,Sebastian,19890012,sebergma@bu.edu,School of Law,Law,Yes,17,No,
173,Irene Zhou,Irene,86905174,izhou@bu.edu,College of Engineering,Biomedical Engineering,Yes,40,No,
174,Sara Boston,Sara,38532469,seboston@bu.edu,Graduate School of Arts and Sciences,Religion,Yes,43,No,
176,Yunjie Song,Chloe,17292405,yjcsong@bu.edu,Graduate School of Arts and Sciences,Economics,Yes,39,No,
177,Austin Fendler,Austin,10993864,afendler@bu.edu,School of Law,Law,Yes,14,No,
179,Nicolina Fusco,Niki,,nvfusco@bu.edu,Wheelock College of Education & Human Development,Wheelock College of Education & Human Development,Yes,39,No,
180,Yutong Li,Yutong,33399427,ytli@bu.edu,Graduate School of Arts and Sciences,Psychology,Yes,36,No,
181,Joseph Maimone,Joe,99188492,jmaimone@bu.edu,Graduate School of Arts and Sciences,Psychology,Yes,12,No,
182,Allison Kaminski,Allison,48865559,allison9@bu.edu,College of Engineering,Mechanical Engineering,Yes,30,No,
183,Kaley Rohlinger,Kaley,13177812,rohlink@bu.edu,School of Law,Law,No,,No,
184,Mackenzie Harrison,Mackenzie,56609824,mpwh@bu.edu,School of Law,Law,No,,No,
185,Minh Thu Bui,Minh,81422274,minhb@bu.edu,Graduate School of Arts and Sciences,Mathematics,No,,No,
189,Margaret Rowley,Margaret,30673885,mlrowley@bu.edu,Graduate School of Arts and Sciences,Musicology,No,,No,
191,Puranimarie Tashima,Marie (mar-ee-ay),7046454,mtashima@bu.edu,School of Law,Law,Yes,9,No,
192,Steven Rome,Steven,1305380,srome@bu.edu,School of Law,Law,Yes,13,No,
193,Ani Soultanian,Ani,72418396,anisoul@bu.edu,School of Law,Law,Yes,15,No,
194,Zachery Casey,Zach,61160628,caseyz@bu.edu,Graduate School of Arts and Sciences,Computer Science,Yes,31,No,
195,Hongjuan Xu,Xianfeng,38366338,xfshi@bu.edu,Graduate School of Arts and Sciences,Religion,No,,No,
196,Wali Miller,Wali,25978414,wali7@bu.edu,School of Law,Law,No,,No,
197,Elinore Ruth Avni,Elinore,77222659,elinorea@bu.edu,Graduate School of Arts and Sciences,Sociology,Yes,7,No,
198,Hannah Aichelman,Hannah,38057241,haich@bu.edu,Graduate School of Arts and Sciences,Biology,No,,No,
199,Elisabeth Kotsalidis,Elisabeth,73848659,elsakots@bu.edu,School of Law,Law,Yes,23,No,
201,Bingxue Liu,Bingxue,43766257,bliu97@bu.edu,College of Engineering,Electrical Engineering,No,,No,
204,Zeynep Kahraman,Zeynep,18356467,zeynepk@bu.edu,College of Engineering,Electrical Engineering,Yes,10,No,
205,Vaibhav Choudhary,Vaibhav,29168211,vchoudh@bu.edu,College of Engineering,Electrical Engineering,No,,No,
206,Isha Kumar,Isha,35740812,ikumar1@bu.edu,School of Law,Law,Yes,12,No,
209,Jeric Da Anoy,JK,76233090,jpdaanoy@bu.edu,Graduate School of Arts and Sciences,Biology,Yes,31,No,
211,Daria Dragicevic,Daria,63437935,ddragic@bu.edu,Sargent College of Health and Rehabilitation Sciences,Sargent College of Health and Rehabilitation Sciences,Yes,31,No,
212,Maria Angelica Concepcion,Angelica,27136704,angcon@bu.edu,Sargent College of Health and Rehabilitation Sciences,Sargent College of Health and Rehabilitation Sciences,Yes,20,No,
214,Tiernan J. Cahill,Tiernan,10515972,tjcahill@bu.edu,College of Communication,PhD in Emerging Media Studies,No,,No,
215,Jupitara Ray,Jupitara,80884705,jupitara@bu.edu,Graduate School of Arts and Sciences,Linguistics,No,,No,
216,Rahul Mitra,Rahul ,27652521,rahulm@bu.edu,Graduate School of Arts and Sciences,Computer Science,Yes,34,No,
218,Kristian Kohler,Kristian,4933263,kckohler@bu.edu,School of Theology,Theology ,No,,No,
219,Anastasia Leshchyk,Anastasia,52674367,aleshchk@bu.edu,Graduate School of Arts and Sciences,Bioinformatics,No,,No,
220,Trisha Gautam,Trisha,81925069,tgautam@bu.edu,School of Law,Law,No,,No,
221,Emily Chastain,Emily,79210137,emilync@bu.edu,School of Theology,Theology ,No,,No,
222,NA YEON LIM,Nayeon,U23616859,nayeon@bu.edu,Graduate School of Arts and Sciences,Economics,No,,No,
223,Lucila Houttuijn Bloemendaal,Lucila,74287651,lbloem@bu.edu,Graduate School of Arts and Sciences,Earth and Environment,No,,No,
225,Ethan Bair,Ethan,32290220,esb265@bu.edu,Graduate School of Arts and Sciences,Astronomy,No,,No,
226,Ellena Nador,Ellena,73825537,elnador@bu.edu,Other,Other,No,,No,
227,Nadia Mirza,Nadia,U52312296,nmirza@bu.edu,Other,Other,No,,No,
229,Sandra Sulser Ponce de Leon,Sandra ,81764031,ssulser@bu.edu,Other,Other,No,,No,
230,Lea Stith,Lea,20900748,lstith@bu.edu,Other,Other,No,,No,
231,Stephanie Loo,Stephanie,95-69-1695,ssloo@bu.edu,Other,Other,No,,No,
235,Julia Huynh,Julia,49565795,juhuynh@bu.edu,Other,Other,No,,No,
236,Shannon Ogden,Shannon,91376617,ogden@bu.edu,Other,Other,No,,No,
237,Elias Nafziger ,Elias,2229168,enafzig@bu.edu,Other,Other,No,,No,
238,Christina,Christina,85801279,cnowak@bu.edu,Other,Other,No,,No,
239,Kelly Wingfield,Kelly ,12254727,kelwing@bu.edu,Other,Other,No,,No,
240,Ana Morello Megias,Ana,94447714,ammegias@bu.edu,Other,Other,No,,No,
241,Whitney Souery,Whitney,57122355,soueryw@bu.edu,Other,Other,No,,No,
242,Diana Trujillo-Rodriguez,Diana,6390534,dianatru@bu.edu,Other,Other,No,,No,
243,Robert Fisher,Robert,76240353,rjfisher@bu.edu,Other,Other,No,,No,
245,,Raven,31509516,raveng@bu.edu,Other,Other,No,,No,
246,Anne Billot,Anne,50576764,abillot@bu.edu,Other,Other,No,,No,